insert into person (id, name, lastName, city, address) values ('831933272', 'Gordon', 'Loughrey', 'Hejia', '19 Meadow Valley Trail');
insert into person (id, name, lastName, city, address) values ('708353240', 'Em', 'Raft', 'Klinan', '1 Gulseth Hill');
insert into person (id, name, lastName, city, address) values ('641378061', 'Bev', 'Bendon', 'Tibigan', '03 Mosinee Point');
insert into person (id, name, lastName, city, address) values ('34502684', 'Marrissa', 'Scaice', 'Baoxing', '76 Lien Lane');
insert into person (id, name, lastName, city, address) values ('948795247', 'Vinnie', 'Bromell', 'Xinji', '44475 Corben Trail');
insert into person (id, name, lastName, city, address) values ('525088394', 'Whittaker', 'McLemon', 'Tanarara', '7111 Loeprich Court');
insert into person (id, name, lastName, city, address) values ('212141279', 'Haydon', 'Reschke', 'Paris 14', '2 Dunning Court');
insert into person (id, name, lastName, city, address) values ('151891303', 'Ashton', 'Seares', 'Duishan', '97912 Namekagon Lane');
insert into person (id, name, lastName, city, address) values ('565718519', 'Malissa', 'Beebee', 'Valdivia', '17276 Grover Drive');
insert into person (id, name, lastName, city, address) values ('327734291', 'Minni', 'MacMaykin', 'Gio Linh', '9176 Trailsway Place');
insert into person (id, name, lastName, city, address) values ('560078138', 'Kelley', 'Leeds', 'Popova', '38 Melvin Street');
insert into person (id, name, lastName, city, address) values ('555780167', 'Rafaellle', 'Poznan', 'Jammāl', '61726 Division Junction');
insert into person (id, name, lastName, city, address) values ('357755446', 'Lynde', 'Hartus', 'Água de Pau', '79 East Park');
insert into person (id, name, lastName, city, address) values ('179675361', 'Linnie', 'Kingsnoad', 'Skarżysko-Kamienna', '756 Eastwood Way');
insert into person (id, name, lastName, city, address) values ('83255862', 'Malvina', 'Balbeck', 'Binzhou', '55 Mifflin Avenue');

select * from person;

insert into user (id, phoneNumber, email, password) values ('831933272', 302371845, 'aalcock0@google.nl', 'eF6Ae1S>');
insert into user (id, phoneNumber, email, password) values ('708353240', 301989610, 'rarnald1@lycos.com', 'aM9E?FkJei+''~Tb');
insert into user (id, phoneNumber, email, password) values ('641378061', 303417261, 'wdoll2@princeton.edu', 'aC1bj\H6');
insert into user (id, phoneNumber, email, password) values ('34502684', 300342691, 'tday3@washington.edu', 'dN7*RjxUx3(Z@x0G');
insert into user (id, phoneNumber, email, password) values ('948795247', 302055329, 'cstoffer4@ifeng.com', 'pF2!v5<xoX');
insert into user (id, phoneNumber, email, password) values ('525088394', 303865463, 'tmacane5@boston.com', 'hT8fLk''~{<&W4%)');
insert into user (id, phoneNumber, email, password) values ('212141279', 305532908, 'rwrassell6@gov.uk', 'tF4q{<nDi&_');
insert into user (id, phoneNumber, email, password) values ('151891303', 301730304, 'bswitzer7@biglobe.ne.jp', 'gN2aOUZdT&7Exx');
insert into user (id, phoneNumber, email, password) values ('565718519', 302091157, 'ghoworth8@blog.com', 'cU6F<.7RcLd>YW');
insert into user (id, phoneNumber, email, password) values ('327734291', 305858398, 'kbenkin9@guardian.co.uk', 'yO49*DWy?');
insert into user (id, phoneNumber, email, password) values ('560078138', 303519667, 'fmulqueenya@sfgate.com', 'rA3l40p5abZ');
insert into user (id, phoneNumber, email, password) values ('555780167', 304119102, 'eskeeteb@nyu.edu', 'rP4Nfg(|u');
insert into user (id, phoneNumber, email, password) values ('357755446', 305501725, 'ksodoryc@domainmarket.com', 'xW1C4T~&{1GP!s');
insert into user (id, phoneNumber, email, password) values ('179675361', 301807677, 'bdelmontid@ox.ac.uk', 'hK3/_e>T6cm8oQ5"');
insert into user (id, phoneNumber, email, password) values ('83255862', 305679149, 'cshurmere@phpbb.com', 'eL3rR&v~%H');

select * from user;

insert into account (accountNumber, ownerUser, accountType, balance) values (71583777, '831933272', 'FIXED_DEPOSIT', 4660601.600);
insert into account (accountNumber, ownerUser, accountType, balance) values (7252849, '708353240', 'FIXED_DEPOSIT', 108666329.5);
insert into account (accountNumber, ownerUser, accountType, balance) values (66175167, '641378061', 'UNKNOWN', 40347087.98);
insert into account (accountNumber, ownerUser, accountType, balance) values (53226744, '34502684', 'RECURRING_DEPOSIT', 5162212.939);
insert into account (accountNumber, ownerUser, accountType, balance) values (86607174, '948795247', 'FIXED_DEPOSIT', 1316336.542);
insert into account (accountNumber, ownerUser, accountType, balance) values (75338178, '525088394', 'CURRENT', 248296.8791);
insert into account (accountNumber, ownerUser, accountType, balance) values (35766124, '212141279', 'SAVINGS', 4492587.744);
insert into account (accountNumber, ownerUser, accountType, balance) values (84652205, '151891303', 'SAVINGS', 443344756.2);
insert into account (accountNumber, ownerUser, accountType, balance) values (35686745, '565718519', 'RECURRING_DEPOSIT', 8002823748);
insert into account (accountNumber, ownerUser, accountType, balance) values (45899587, '327734291', 'RECURRING_DEPOSIT', 75540217.71);
insert into account (accountNumber, ownerUser, accountType, balance) values (22626302, '560078138', 'FIXED_DEPOSIT', 8942179.815);
insert into account (accountNumber, ownerUser, accountType, balance) values (93775999, '555780167', 'SAVINGS', 45733761.71);
insert into account (accountNumber, ownerUser, accountType, balance) values (25208392, '357755446', 'CURRENT', 91602990.8);
insert into account (accountNumber, ownerUser, accountType, balance) values (82888631, '179675361', 'RECURRING_DEPOSIT', 1485662.714);
insert into account (accountNumber, ownerUser, accountType, balance) values (90429128, '83255862', 'UNKNOWN', 77657455.89);

select * from account;

insert into pocket (name, balance, account_id) values ('Minyx', 2600408.73, 71583777);
insert into pocket (name, balance, account_id) values ('Tagchat', 388427.861, 7252849);
insert into pocket (name, balance, account_id) values ('Skipfire', 2319321.06, 66175167);
insert into pocket (name, balance, account_id) values ('Topicstorm', 34056242.3, 53226744);
insert into pocket (name, balance, account_id) values ('Feedfish', 3693865.06, 86607174);
insert into pocket (name, balance, account_id) values ('Realcube', 488670.152, 75338178);
insert into pocket (name, balance, account_id) values ('Twitterwire', 2040887.06, 35766124);
insert into pocket (name, balance, account_id) values ('Trilia', 25392209, 8465220.5);
insert into pocket (name, balance, account_id) values ('Edgeify', 170001300, 35686745);
insert into pocket (name, balance, account_id) values ('Gigashots', 401620203, 45899.587);
insert into pocket (name, balance, account_id) values ('Jaxworks', 10027159, 2262630.2);
insert into pocket (name, balance, account_id) values ('Yodo', 190394864, 93775999);
insert into pocket (name, balance, account_id) values ('Ntags', 150443948, 252083.92);
insert into pocket (name, balance, account_id) values ('Camido', 281590573, 82888.631);
insert into pocket (name, balance, account_id) values ('Oyoyo', 89954203, 9042912.8);

select * from pocket;
